City_ID,City,Country,Date,Lat,Lng,Max Temp,Humidity,Cloudiness,Wind Speed
0,Chipinge,ZW,2021-09-22 22:45:29,-20.1883,32.6236,54.81,87,55,3.78
1,Busselton,AU,2021-09-22 22:43:34,-33.65,115.3333,51.08,91,1,9.31
2,Port Hedland,AU,2021-09-22 22:45:29,-20.3167,118.5667,73.45,12,100,6.91
3,Ushuaia,AR,2021-09-22 22:43:29,-54.8,-68.3,44.22,87,75,28.77
4,Barrow,US,2021-09-22 22:45:02,71.2906,-156.7887,32.02,64,90,16.11
5,Lorengau,PG,2021-09-22 22:45:30,-2.0226,147.2712,82.04,79,97,8.99
6,Prieska,ZA,2021-09-22 22:45:30,-29.6641,22.7474,62.31,38,0,6.89
7,Bluff,NZ,2021-09-22 22:43:59,-46.6,168.3333,54.81,63,33,7.54
8,Kodiak,US,2021-09-22 22:45:31,57.79,-152.4072,45.45,66,100,14.5
9,Bethel,US,2021-09-22 22:43:29,41.3712,-73.414,76.05,86,75,1.01
10,Airai,TL,2021-09-22 22:44:21,-8.9266,125.4092,65.3,40,62,4.18
11,Tuatapere,NZ,2021-09-22 22:45:31,-46.1333,167.6833,54.82,60,31,2.17
12,Chokurdakh,RU,2021-09-22 22:45:31,70.6333,147.9167,30.78,70,93,1.74
13,Iracoubo,GF,2021-09-22 22:45:32,5.4802,-53.2011,80.83,82,72,11.01
14,Albany,US,2021-09-22 22:41:08,42.6001,-73.9662,76.03,78,90,10.89
15,Westport,US,2021-09-22 22:41:24,41.1415,-73.3579,77.31,88,75,1.99
16,El Tigre,VE,2021-09-22 22:45:32,8.8875,-64.2454,80.98,65,95,4.88
17,Adrar,MR,2021-09-22 22:45:33,20.5022,-10.0711,91.09,17,4,15.97
18,Punta Arenas,CL,2021-09-22 22:45:33,-53.15,-70.9167,44.71,70,40,11.5
19,Cherskiy,RU,2021-09-22 22:45:33,68.75,161.3,31.17,87,100,5.17
20,Upernavik,GL,2021-09-22 22:45:34,72.7868,-56.1549,22.53,67,94,5.82
21,Dingle,PH,2021-09-22 22:45:34,10.9995,122.6711,77.99,88,91,3.65
22,Khatanga,RU,2021-09-22 22:45:34,71.9667,102.5,34.34,99,100,5.91
23,Beira,MZ,2021-09-22 22:45:35,-19.8436,34.8389,73.49,73,75,14.97
24,Mahebourg,MU,2021-09-22 22:45:35,-20.4081,57.7,71.26,78,40,11.5
25,Saint-Philippe,RE,2021-09-22 22:45:35,-21.3585,55.7679,65.79,84,45,11.34
26,Ucluelet,CA,2021-09-22 22:44:34,48.9329,-125.5528,72.09,84,95,9.82
27,Tasiilaq,GL,2021-09-22 22:44:07,65.6145,-37.6368,33.96,73,11,5.91
28,Hobart,AU,2021-09-22 22:41:16,-42.8794,147.3294,61.27,53,75,8.99
29,Bronnoysund,NO,2021-09-22 22:45:36,65.4625,12.1997,51.8,76,90,17.27
30,Nakhon Thai,TH,2021-09-22 22:45:36,17.1006,100.8374,73.4,98,100,1.81
31,Calama,CL,2021-09-22 22:45:37,-22.4667,-68.9333,60.76,22,97,7.45
32,Boguchar,RU,2021-09-22 22:45:37,49.9358,40.545,48.31,75,100,1.83
33,Formia,IT,2021-09-22 22:45:37,41.2563,13.6058,67.51,55,10,8.59
34,Puksoozero,RU,2021-09-22 22:45:38,62.5903,40.6066,34.74,98,30,5.55
35,Suarez,CO,2021-09-22 22:45:38,2.954,-76.6964,68.74,98,96,3.89
36,Avarua,CK,2021-09-22 22:43:39,-21.2078,-159.775,75.25,69,75,9.22
37,Atuona,PF,2021-09-22 22:43:58,-9.8,-139.0333,78.08,72,16,18.34
38,Namtsy,RU,2021-09-22 22:45:39,62.7161,129.6658,33.91,71,9,4.68
39,Cape Town,ZA,2021-09-22 22:42:18,-33.9258,18.4232,56.1,82,0,5.75
40,Vaini,TO,2021-09-22 22:43:30,-21.2,-175.2,77.16,83,40,10.36
41,Maruntei,RO,2021-09-22 22:45:39,44.2,24.4667,51.39,85,19,8.77
42,Bredasdorp,ZA,2021-09-22 22:43:27,-34.5322,20.0403,59.29,93,49,1.14
43,Hermanus,ZA,2021-09-22 22:43:32,-34.4187,19.2345,59.81,64,38,9.33
44,Camacha,PT,2021-09-22 22:45:40,33.0833,-16.3333,69.22,73,40,10.36
45,Nanortalik,GL,2021-09-22 22:45:35,60.1432,-45.2371,43.39,97,100,13.91
46,Hovd,MN,2021-09-22 22:45:40,48.0056,91.6419,40.62,25,86,5.46
47,Butaritari,KI,2021-09-22 22:43:40,3.0707,172.7902,82.72,66,96,14.72
48,Kruisfontein,ZA,2021-09-22 22:45:41,-34.0033,24.7314,58.44,64,81,6.22
49,Arraial Do Cabo,BR,2021-09-22 22:43:49,-22.9661,-42.0278,67.96,68,40,11.5
50,Rikitea,PF,2021-09-22 22:45:41,-23.1203,-134.9692,74.05,73,39,19.08
51,Hilo,US,2021-09-22 22:44:38,19.7297,-155.09,80.33,68,75,5.75
52,Pocoes,BR,2021-09-22 22:45:42,-14.5297,-40.3653,65.91,87,44,12.12
53,Sept-Iles,CA,2021-09-22 22:41:22,50.2001,-66.3821,63.12,85,90,0.0
54,Nikolskoye,RU,2021-09-22 22:45:42,59.7035,30.7861,46.02,74,100,3.11
55,Grindavik,IS,2021-09-22 22:45:43,63.8424,-22.4338,41.47,70,75,6.91
56,Tuktoyaktuk,CA,2021-09-22 22:43:42,69.4541,-133.0374,35.6,64,75,18.41
57,Pangnirtung,CA,2021-09-22 22:45:43,66.1451,-65.7125,33.8,64,75,9.22
58,Chuy,UY,2021-09-22 22:45:43,-33.6971,-53.4616,54.1,84,97,7.99
59,Rapid Valley,US,2021-09-22 22:45:44,44.0625,-103.1463,84.33,16,1,12.66
60,Puerto Ayora,EC,2021-09-22 22:44:41,-0.7393,-90.3518,76.96,86,77,10.11
61,Almaznyy,RU,2021-09-22 22:45:44,48.0448,40.045,50.14,65,100,3.33
62,Yellowknife,CA,2021-09-22 22:43:42,62.456,-114.3525,50.52,81,90,8.05
63,Dikson,RU,2021-09-22 22:45:12,73.5069,80.5464,35.56,98,100,8.7
64,Meulaboh,ID,2021-09-22 22:44:19,4.1363,96.1285,75.22,91,98,4.45
65,Oranjemund,NA,2021-09-22 22:45:45,-28.55,16.4333,60.03,68,54,10.76
66,Mustafakemalpasa,TR,2021-09-22 22:45:45,40.0353,28.4117,61.56,89,100,10.38
67,Brae,GB,2021-09-22 22:45:46,60.3964,-1.353,53.51,90,100,24.49
68,Tekkali,IN,2021-09-22 22:45:46,18.6167,84.2333,78.84,90,98,2.51
69,Leningradskiy,RU,2021-09-22 22:45:05,69.3833,178.4167,25.43,68,96,4.79
70,Mount Gambier,AU,2021-09-22 22:45:47,-37.8333,140.7667,53.51,87,75,12.66
71,Lakatoro,VU,2021-09-22 22:45:47,-16.0999,167.4164,77.41,84,100,11.1
72,Miram Shah,PK,2021-09-22 22:45:47,33.0086,70.0697,76.84,70,0,2.37
73,Ribeira Grande,PT,2021-09-22 22:44:28,38.5167,-28.7,71.65,77,10,15.7
74,Isangel,VU,2021-09-22 22:45:48,-19.55,169.2667,77.11,50,90,0.0
75,Mandalgovi,MN,2021-09-22 22:45:48,45.7625,106.2708,46.54,60,100,14.41
76,Bo Rai,TH,2021-09-22 22:45:48,12.5728,102.5371,74.23,99,100,2.73
77,Cedar City,US,2021-09-22 22:45:49,37.6775,-113.0619,81.57,12,1,14.97
78,Bathsheba,BB,2021-09-22 22:45:49,13.2167,-59.5167,83.01,74,20,11.5
79,Aswan,EG,2021-09-22 22:45:49,24.0934,32.907,87.1,15,0,11.5
80,Takoradi,GH,2021-09-22 22:45:50,4.8845,-1.7554,76.46,90,100,5.59
81,Talnakh,RU,2021-09-22 22:45:50,69.4865,88.3972,32.43,80,98,7.49
82,Baykit,RU,2021-09-22 22:45:51,61.67,96.37,27.75,97,82,3.33
83,Cabo San Lucas,MX,2021-09-22 22:45:51,22.8909,-109.9124,91.62,73,17,5.95
84,Kapaa,US,2021-09-22 22:43:21,22.0752,-159.319,84.18,69,40,5.01
85,Narsaq,GL,2021-09-22 22:45:51,60.9167,-46.05,37.62,90,100,1.57
86,Mataura,NZ,2021-09-22 22:45:52,-46.1927,168.8643,54.48,40,7,2.86
87,Bakal,RU,2021-09-22 22:45:52,54.9417,58.8083,33.24,87,31,3.83
88,Kaitangata,NZ,2021-09-22 22:45:52,-46.2817,169.8464,58.53,45,3,3.42
89,Port Alfred,ZA,2021-09-22 22:44:07,-33.5906,26.891,60.37,82,36,20.33
90,Mar Del Plata,AR,2021-09-22 22:45:19,-38.0023,-57.5575,55.42,88,90,8.05
91,Hofn,IS,2021-09-22 22:45:53,64.2539,-15.2082,41.54,56,23,13.51
92,Banda Aceh,ID,2021-09-22 22:45:53,5.5577,95.3222,78.37,74,100,6.76
93,General Cepeda,MX,2021-09-22 22:45:17,25.3833,-101.45,67.8,62,80,10.51
94,Wilmington,US,2021-09-22 22:41:54,34.2257,-77.9447,78.94,86,75,6.91
95,Port Lincoln,AU,2021-09-22 22:45:54,-34.7333,135.8667,55.8,71,1,12.73
96,Provideniya,RU,2021-09-22 22:45:54,64.3833,-173.3,35.71,55,20,4.47
97,Guayabal,CO,2021-09-22 22:45:55,5.031,-74.8868,79.36,81,77,2.42
98,Ust-Maya,RU,2021-09-22 22:45:55,60.4167,134.5333,41.11,70,18,2.57
99,Curtisoara,RO,2021-09-22 22:45:55,44.5,24.3333,50.92,77,23,5.1
100,Coquimbo,CL,2021-09-22 22:43:56,-29.9533,-71.3436,58.73,67,0,10.36
101,Meadow Lake,US,2021-09-22 22:45:05,34.8014,-106.5436,84.97,23,0,6.26
102,Semey,KZ,2021-09-22 22:41:15,50.4111,80.2275,37.67,63,80,4.41
103,Severo-Kurilsk,RU,2021-09-22 22:44:08,50.6789,156.125,48.16,95,100,10.18
104,Yen Bai,VN,2021-09-22 22:45:56,21.7,104.8667,73.85,94,31,1.66
105,Port Macquarie,AU,2021-09-22 22:44:24,-31.4333,152.9167,57.16,44,0,5.48
106,Tukums,LV,2021-09-22 22:45:57,56.9669,23.1553,34.95,92,88,3.74
107,Jamestown,US,2021-09-22 22:41:22,42.097,-79.2353,72.99,89,90,10.0
108,New Norfolk,AU,2021-09-22 22:44:06,-42.7826,147.0587,60.93,62,88,8.01
109,Muzhi,RU,2021-09-22 22:45:57,65.3667,64.6667,37.15,86,37,10.33
110,Petropavlovsk-Kamchatskiy,RU,2021-09-22 22:45:58,53.0452,158.6483,41.59,75,0,4.47
111,Vila Franca Do Campo,PT,2021-09-22 22:45:58,37.7167,-25.4333,68.41,77,17,8.19
112,Qaanaaq,GL,2021-09-22 22:45:58,77.484,-69.3632,10.45,60,10,7.31
113,Mehamn,NO,2021-09-22 22:45:59,71.0357,27.8492,46.6,86,100,18.45
114,Bara,NG,2021-09-22 22:45:59,10.3744,10.7288,69.75,96,99,4.5
115,Chapais,CA,2021-09-22 22:45:59,49.7834,-74.8492,44.38,82,100,6.8
116,Rapid City,US,2021-09-22 22:45:59,44.0805,-103.231,84.02,16,1,1.01
117,Faanui,PF,2021-09-22 22:43:39,-16.4833,-151.75,77.83,70,2,8.34
118,Kalabo,ZM,2021-09-22 22:46:00,-14.97,22.6814,78.55,22,42,10.87
119,Cockburn Town,TC,2021-09-22 22:46:00,21.4612,-71.1419,84.16,70,40,9.22
120,Sisimiut,GL,2021-09-22 22:46:01,66.9395,-53.6735,28.13,68,1,9.22
121,Ketchikan,US,2021-09-22 22:43:58,55.3422,-131.6461,54.07,71,75,9.22
122,Ewa Beach,US,2021-09-22 22:46:01,21.3156,-158.0072,85.95,51,40,17.27
123,Huarmey,PE,2021-09-22 22:46:01,-10.0681,-78.1522,64.72,81,91,12.19
124,Manjeshwar,IN,2021-09-22 22:46:02,12.7194,74.8861,76.15,92,100,4.38
125,Ponta Do Sol,PT,2021-09-22 22:43:39,32.6667,-17.1,72.23,64,100,5.01
126,Esna,EG,2021-09-22 22:46:02,25.2934,32.554,82.42,19,1,14.63
127,Balkanabat,TM,2021-09-22 22:46:03,39.5108,54.3671,77.83,12,0,17.54
128,Harper,LR,2021-09-22 22:46:03,4.375,-7.7169,77.49,87,69,6.8
129,Doha,QA,2021-09-22 22:46:03,25.2867,51.5333,85.98,58,0,5.75
130,Sola,VU,2021-09-22 22:46:04,-13.8833,167.55,75.87,100,90,0.0
131,Brzesko,PL,2021-09-22 22:46:04,49.9691,20.6061,50.05,90,100,1.01
132,Wajima,JP,2021-09-22 22:46:05,37.4,136.9,74.23,79,0,21.74
133,Bambous Virieux,MU,2021-09-22 22:46:05,-20.3428,57.7575,71.22,78,40,11.5
134,Salalah,OM,2021-09-22 22:46:05,17.0151,54.0924,80.69,89,0,2.3
135,East London,ZA,2021-09-22 22:46:05,-33.0153,27.9116,61.45,77,9,20.58
136,Victoria,HK,2021-09-22 22:42:55,22.2855,114.1577,85.32,86,68,14.05
137,Norman Wells,CA,2021-09-22 22:46:06,65.282,-126.8329,33.84,93,90,14.97
138,Cayenne,GF,2021-09-22 22:46:06,4.9333,-52.3333,83.08,81,0,1.99
139,Ono,JP,2021-09-22 22:46:07,34.85,134.9333,74.66,72,0,3.13
140,Kitui,KE,2021-09-22 22:46:07,-1.367,38.0106,64.13,77,71,11.14
141,Carnarvon,AU,2021-09-22 22:46:07,-24.8667,113.6333,66.27,94,40,5.75
142,Thompson,CA,2021-09-22 22:46:08,55.7435,-97.8558,59.16,88,90,0.0
143,Castro,BR,2021-09-22 22:46:08,-24.7911,-50.0119,50.41,86,16,10.04
144,Georgetown,MY,2021-09-22 22:46:08,5.4112,100.3354,78.89,80,20,2.3
145,Lydenburg,ZA,2021-09-22 22:46:09,-25.0978,30.4597,48.4,70,1,0.81
146,Topolobampo,MX,2021-09-22 22:46:09,25.6,-109.05,93.11,46,75,6.91
147,Bucerias,MX,2021-09-22 22:43:02,20.75,-105.3333,87.98,84,77,4.72
148,Erzincan,TR,2021-09-22 22:46:09,39.75,39.5,49.3,100,0,2.3
149,Pacific Grove,US,2021-09-22 22:46:10,36.6177,-121.9166,91.8,80,1,5.01
150,Guerrero Negro,MX,2021-09-22 22:46:10,27.9769,-114.0611,80.04,63,93,12.19
151,Ilulissat,GL,2021-09-22 22:46:11,69.2167,-51.1,28.42,50,75,4.61
152,Gat,IL,2021-09-22 22:46:11,31.61,34.7642,77.68,100,2,5.91
153,Ambon,ID,2021-09-22 22:46:11,-3.6954,128.1814,75.34,94,75,1.14
154,Conde,BR,2021-09-22 22:46:12,-7.2597,-34.9075,78.26,83,0,5.75
155,Ormara,PK,2021-09-22 22:46:12,25.2088,64.6357,79.27,89,66,3.74
156,Mocuba,MZ,2021-09-22 22:46:12,-16.8392,36.9856,66.72,90,28,3.29
157,Marzuq,YE,2021-09-22 22:46:18,14.4,46.4667,77.58,55,56,1.12
158,Tateyama,JP,2021-09-22 22:46:18,34.9833,139.8667,80.62,83,88,17.45
159,Nassau,US,2021-09-22 22:46:19,40.7507,-73.5829,77.95,84,90,1.01
160,Kyra,RU,2021-09-22 22:46:19,49.5776,111.9753,45.5,81,100,8.75
161,Cidreira,BR,2021-09-22 22:46:20,-30.1811,-50.2056,62.17,71,9,16.2
162,Mount Holly,US,2021-09-22 22:46:20,35.2982,-81.0159,75.33,94,90,8.05
163,Torbay,CA,2021-09-22 22:43:08,47.6666,-52.7314,63.48,74,75,19.57
164,Burgos,ES,2021-09-22 22:46:20,42.3394,-3.7079,52.21,93,0,5.75
165,San Jose,US,2021-09-22 22:46:21,37.3394,-121.895,95.27,36,40,14.97
166,Belyy Yar,RU,2021-09-22 22:46:21,53.6039,91.3903,40.89,75,0,4.47
167,Progreso,MX,2021-09-22 22:46:21,21.2833,-89.6667,87.12,73,100,12.26
168,Togur,RU,2021-09-22 22:46:22,58.3631,82.8265,28.04,92,56,3.49
169,Lodja,CD,2021-09-22 22:46:22,-3.4833,23.4333,73.81,69,53,2.57
170,Rodrigues Alves,BR,2021-09-22 22:46:22,-7.738,-72.6509,75.4,97,84,3.02
171,San Cristobal,VE,2021-09-22 22:46:23,7.7669,-72.225,77.18,85,66,3.67
172,Itapetininga,BR,2021-09-22 22:46:23,-23.5917,-48.0531,54.81,82,55,14.09
173,Hualmay,PE,2021-09-22 22:46:23,-11.0964,-77.6139,62.94,83,88,11.05
174,Kavieng,PG,2021-09-22 22:45:06,-2.5744,150.7967,82.51,74,100,11.27
175,Salinopolis,BR,2021-09-22 22:46:24,-0.6136,-47.3561,81.0,79,56,11.86
176,Hobyo,SO,2021-09-22 22:46:24,5.3505,48.5268,77.09,89,91,24.25
177,Longyearbyen,SJ,2021-09-22 22:45:30,78.2186,15.6401,44.44,70,40,23.02
178,Hanzhong,CN,2021-09-22 22:46:25,33.0728,107.0303,68.63,92,100,0.34
179,Kampene,CD,2021-09-22 22:46:25,-3.6,26.6667,70.05,75,84,2.08
180,Luancheng,CN,2021-09-22 22:46:25,37.8792,114.6517,68.16,91,100,0.13
181,Santa Rita Do Sapucai,BR,2021-09-22 22:45:25,-22.2522,-45.7033,61.39,58,13,6.85
182,Naze,JP,2021-09-22 22:46:26,28.3667,129.4833,74.32,66,1,7.83
183,Gondar,ET,2021-09-22 22:46:26,12.6,37.4667,55.63,82,61,3.24
184,Aliwal North,ZA,2021-09-22 22:46:27,-30.6937,26.7114,55.09,43,0,5.84
185,Stromness,GB,2021-09-22 22:46:27,58.965,-3.296,53.87,81,100,25.99
186,Alofi,NU,2021-09-22 22:46:27,-19.0595,-169.9187,78.69,69,75,18.41
187,Lebu,CL,2021-09-22 22:46:28,-37.6167,-73.65,50.59,77,73,4.45
188,Esperance,AU,2021-09-22 22:44:13,-33.8667,121.9,55.24,83,0,9.4
189,Hare Bay,CA,2021-09-22 22:46:28,48.8499,-54.0148,67.35,77,93,4.81
190,Klembivka,UA,2021-09-22 22:46:28,48.3904,28.4109,43.52,92,100,11.21
191,The Valley,AI,2021-09-22 22:42:07,18.217,-63.0578,84.34,70,20,8.05
192,Saint George,US,2021-09-22 22:46:29,37.1041,-113.5841,94.42,12,1,7.0
193,Liverpool,GB,2021-09-22 22:41:39,53.4106,-2.9779,59.83,82,20,1.01
194,Tortoli,IT,2021-09-22 22:46:29,39.9256,9.6572,67.98,79,23,3.36
195,Villa Guerrero,MX,2021-09-22 22:46:30,18.8667,-99.65,77.38,81,39,2.98
196,Mata,PT,2021-09-22 22:46:30,40.683,-7.4592,53.92,64,99,5.23
197,Sibu,MY,2021-09-22 22:46:30,2.3,111.8167,75.51,94,40,3.44
198,Barra Do Garcas,BR,2021-09-22 22:46:31,-15.89,-52.2567,95.58,20,0,3.44
199,Taunggyi,MM,2021-09-22 22:46:31,20.7833,97.0333,60.55,95,85,1.77
200,Klaksvik,FO,2021-09-22 22:44:54,62.2266,-6.589,49.12,91,98,26.98
201,Yulara,AU,2021-09-22 22:46:31,-25.2406,130.9889,46.24,39,82,8.05
202,Sioux Lookout,CA,2021-09-22 22:42:16,50.1001,-91.917,68.38,45,40,10.36
203,Broome,US,2021-09-22 22:46:32,42.2506,-75.833,73.02,82,90,1.01
204,Clyde River,CA,2021-09-22 22:46:32,70.4692,-68.5914,30.43,93,90,12.66
205,La Ronge,CA,2021-09-22 22:46:33,55.1001,-105.2842,61.05,51,90,2.3
206,Liwale,TZ,2021-09-22 22:46:33,-9.7667,37.9333,64.98,90,5,1.77
207,Margate,GB,2021-09-22 22:46:09,51.3813,1.3862,58.69,80,25,1.01
208,Coihaique,CL,2021-09-22 22:46:19,-45.5752,-72.0662,53.55,62,75,3.44
209,Nhulunbuy,AU,2021-09-22 22:45:14,-12.2333,136.7667,79.41,53,90,14.97
210,Tera,NE,2021-09-22 22:46:34,14.0078,0.7531,84.24,62,58,19.22
211,Aklavik,CA,2021-09-22 22:46:34,68.2191,-135.0107,38.23,68,100,13.35
212,Siderno,IT,2021-09-22 22:46:34,38.2779,16.302,73.99,74,59,8.41
213,Hamilton,US,2021-09-22 22:43:54,39.1834,-84.5333,57.36,95,90,3.0
214,Souillac,MU,2021-09-22 22:46:35,-20.5167,57.5167,71.37,78,40,11.5
215,Sorong,ID,2021-09-22 22:46:35,-0.8833,131.25,78.8,83,77,4.52
216,Hithadhoo,MV,2021-09-22 22:45:31,-0.6,73.0833,82.2,75,99,18.61
217,Kahului,US,2021-09-22 22:45:12,20.8947,-156.47,87.82,42,20,23.02
218,Kalmunai,LK,2021-09-22 22:44:46,7.4167,81.8167,79.07,83,98,5.66
219,San Patricio,US,2021-09-22 22:46:36,28.017,-97.5169,88.48,22,22,11.36
220,Port Neches,US,2021-09-22 22:46:36,29.9913,-93.9585,80.64,32,1,13.8
221,Alyangula,AU,2021-09-22 22:46:38,-13.8483,136.4192,75.07,43,9,5.75
222,Pevek,RU,2021-09-22 22:46:38,69.7008,170.3133,29.05,62,100,6.38
223,Bela,IN,2021-09-22 22:46:38,25.9333,81.9833,76.23,91,2,7.4
224,Komsomolskiy,UZ,2021-09-22 22:46:39,40.4272,71.7189,61.52,44,0,4.61
225,Araouane,ML,2021-09-22 22:44:28,18.9048,-3.5265,96.26,9,2,6.6
226,Balykshi,KZ,2021-09-22 22:46:39,47.0667,51.8667,62.6,23,40,22.37
227,Constitucion,CL,2021-09-22 22:46:39,-35.3333,-72.4167,51.15,83,6,10.22
228,Krugersdorp,ZA,2021-09-22 22:46:40,-26.0858,27.7752,53.62,71,21,6.93
229,Tessalit,ML,2021-09-22 22:46:40,20.1986,1.0114,92.61,11,64,8.48
230,Avera,US,2021-09-22 22:46:40,33.194,-82.5271,75.25,81,32,14.27
231,Karratha,AU,2021-09-22 22:46:41,-20.7377,116.8463,79.14,28,100,4.92
232,Dhidhdhoo,MV,2021-09-22 22:46:41,6.8833,73.1,82.96,75,100,17.07
233,Yerbogachen,RU,2021-09-22 22:46:42,61.2767,108.0108,32.31,90,59,4.34
234,La Romana,DO,2021-09-22 22:46:42,18.4273,-68.9728,84.56,74,40,4.61
235,Bereda,ES,2021-09-22 22:46:42,43.2686,-7.5406,59.92,99,37,6.64
236,Tiksi,RU,2021-09-22 22:46:43,71.6872,128.8694,37.22,76,99,3.69
237,Rio Grande,BR,2021-09-22 22:46:43,-32.035,-52.0986,59.36,68,83,15.5
238,Rocha,UY,2021-09-22 22:46:43,-34.4833,-54.3333,51.75,85,100,4.56
239,Coromandel,BR,2021-09-22 22:46:44,-18.4733,-47.2003,84.81,28,65,4.54
240,Taphan Hin,TH,2021-09-22 22:46:44,16.2209,100.4198,73.53,95,100,3.29
241,Andra,RU,2021-09-22 22:46:44,62.5147,65.8878,39.47,88,100,5.48
242,Warmbad,NA,2021-09-22 22:46:44,-28.45,18.7333,66.69,17,1,5.61
243,Lasa,IT,2021-09-22 22:46:45,46.6166,10.7002,56.28,63,44,1.61
244,Svetlyy,RU,2021-09-22 22:46:45,54.675,20.1347,50.05,80,100,9.64
245,Port Hardy,CA,2021-09-22 22:46:46,50.6996,-127.4199,59.18,67,20,11.5
246,Ouallam,NE,2021-09-22 22:46:46,14.3188,2.0866,83.41,65,98,18.84
247,Manokwari,ID,2021-09-22 22:46:46,-0.8667,134.0833,79.9,75,100,2.51
248,Gaoual,GN,2021-09-22 22:46:47,11.75,-13.2,76.41,92,100,2.59
249,Malanje,AO,2021-09-22 22:46:47,-9.5402,16.341,69.26,68,68,6.8
250,Bulaevo,KZ,2021-09-22 22:46:47,54.9056,70.4439,38.57,86,74,7.85
251,Faya,SA,2021-09-22 22:44:40,18.3851,42.4509,64.92,24,38,2.15
252,Grand Gaube,MU,2021-09-22 22:45:19,-20.0064,57.6608,71.38,74,24,3.0
253,Amapa,BR,2021-09-22 22:46:48,1.0,-52.0,71.69,97,92,2.46
254,Yar-Sale,RU,2021-09-22 22:46:48,66.8333,70.8333,37.81,89,74,14.67
255,Ust-Kuyga,RU,2021-09-22 22:46:48,70.0167,135.6,37.51,68,87,6.17
256,Zhigansk,RU,2021-09-22 22:46:49,66.7697,123.3711,40.33,95,100,16.02
257,Quatre Cocos,MU,2021-09-22 22:46:07,-20.2078,57.7625,71.1,77,51,12.08
258,Pilar,BR,2021-09-22 22:46:49,-9.5972,-35.9567,78.73,92,8,7.81
259,Waipawa,NZ,2021-09-22 22:46:50,-41.4122,175.5153,61.03,86,100,5.35
260,Urucara,BR,2021-09-22 22:46:50,-2.5364,-57.76,79.54,76,93,2.13
261,Kabanjahe,ID,2021-09-22 22:46:50,3.1001,98.4908,62.11,85,99,2.98
262,Lagoa,PT,2021-09-22 22:45:09,39.05,-27.9833,69.98,74,0,12.88
263,Namatanai,PG,2021-09-22 22:44:04,-3.6667,152.4333,82.17,73,100,6.4
264,Katsuura,JP,2021-09-22 22:45:17,35.1333,140.3,80.71,81,95,17.27
265,Chumikan,RU,2021-09-22 22:46:51,54.7183,135.315,47.17,53,0,6.13
266,Sandy Bay,AU,2021-09-22 22:46:51,-42.913,147.3532,61.3,53,40,8.01
267,Muros,ES,2021-09-22 22:46:52,42.7762,-9.0603,65.23,72,1,13.73
268,Lata,PT,2021-09-22 22:46:52,40.1629,-8.3327,64.81,80,100,4.97
269,Portland,US,2021-09-22 22:45:01,45.5234,-122.6762,72.52,65,90,1.99
270,Sao Filipe,CV,2021-09-22 22:45:07,14.8961,-24.4956,78.93,81,22,6.73
271,Husavik,IS,2021-09-22 22:45:18,66.0449,-17.3389,39.11,82,92,9.55
272,Winnemucca,US,2021-09-22 22:45:41,40.973,-117.7357,84.25,14,20,5.75
273,Juba,SS,2021-09-22 22:46:53,4.8517,31.5825,72.34,80,40,3.2
274,Saint-Joseph,RE,2021-09-22 22:46:53,-21.3667,55.6167,64.78,80,34,9.19
275,Poum,NC,2021-09-22 22:46:53,-20.2333,164.0167,71.42,64,50,20.74
276,Kangaatsiaq,GL,2021-09-22 22:46:54,68.3065,-53.4641,29.73,73,90,9.35
277,La Asuncion,VE,2021-09-22 22:46:54,11.0333,-63.8628,89.33,58,33,12.66
278,Richards Bay,ZA,2021-09-22 22:46:55,-28.783,32.0377,58.64,78,0,7.02
279,Dori,BF,2021-09-22 22:46:55,14.0354,-0.0345,82.87,62,32,18.99
280,Lavrentiya,RU,2021-09-22 22:46:55,65.5833,-171.0,33.42,56,26,4.68
281,Sylvan Lake,CA,2021-09-22 22:46:56,52.3168,-114.0853,65.05,52,75,6.91
282,Nara,JP,2021-09-22 22:46:56,34.6851,135.8049,74.48,81,0,4.9
283,Tsabong,BW,2021-09-22 22:46:56,-26.0217,22.401,64.85,48,1,16.53
284,Aras,ES,2021-09-22 22:46:57,42.5617,-2.356,58.06,94,0,1.14
285,Suileng,CN,2021-09-22 22:46:57,47.25,127.0833,50.95,84,99,6.33
286,Teguise,ES,2021-09-22 22:46:57,29.0605,-13.564,68.22,73,20,5.75
287,Murray Bridge,AU,2021-09-22 22:46:58,-35.1167,139.2667,57.13,70,0,6.22
288,Vestmanna,FO,2021-09-22 22:46:58,62.1564,-7.1664,47.32,93,90,13.8
289,Ukiah,US,2021-09-22 22:45:04,39.1502,-123.2078,97.12,19,1,4.61
290,Kuvshinovo,RU,2021-09-22 22:46:58,57.0295,34.1725,39.58,99,100,3.74
291,Bull Savanna,JM,2021-09-22 22:46:59,17.8868,-77.5902,79.79,78,100,2.93
292,Ca Mau,VN,2021-09-22 22:46:59,9.1769,105.15,78.3,87,100,3.22
293,Nouadhibou,MR,2021-09-22 22:46:59,20.931,-17.0347,69.78,83,0,16.11
294,Darlowo,PL,2021-09-22 22:47:00,54.421,16.4107,54.28,88,30,15.28
295,Belinskiy,RU,2021-09-22 22:47:00,52.9647,43.4165,50.23,92,98,3.47
296,Liuzhou,CN,2021-09-22 22:47:00,24.3126,109.3892,76.87,89,100,0.65
297,Baruun-Urt,MN,2021-09-22 22:47:01,46.6806,113.2792,54.79,61,66,6.62
298,Camargo,MX,2021-09-22 22:47:01,27.6667,-105.1667,78.53,39,97,4.72
299,Bonnyville,CA,2021-09-22 22:45:06,54.2668,-110.735,66.83,41,100,10.4
300,Vardo,NO,2021-09-22 22:45:20,70.3705,31.1107,46.6,75,100,26.37
301,Dunedin,NZ,2021-09-22 22:47:02,-45.8742,170.5036,57.79,56,0,4.0
302,Tual,ID,2021-09-22 22:47:02,-5.6667,132.75,79.77,76,56,19.19
303,Singaparna,ID,2021-09-22 22:47:03,-7.3515,108.111,70.81,96,89,1.45
304,Tomatlan,MX,2021-09-22 22:47:03,19.9333,-105.25,85.3,73,96,3.76
305,Beloha,MG,2021-09-22 22:47:03,-25.1667,45.05,66.83,84,100,10.25
306,Kununurra,AU,2021-09-22 22:45:19,-15.7667,128.7333,71.58,14,40,13.8
307,Na Wa,TH,2021-09-22 22:47:04,17.4897,104.1006,72.95,95,86,4.92
308,Quelimane,MZ,2021-09-22 22:47:04,-17.8786,36.8883,69.75,88,20,4.61
309,Saulkrasti,LV,2021-09-22 22:47:04,57.2622,24.4147,41.79,84,28,1.36
310,Vila Do Maio,CV,2021-09-22 22:47:05,15.1333,-23.2167,79.59,81,71,10.47
311,Bambanglipuro,ID,2021-09-22 22:47:05,-7.95,110.2833,76.24,87,98,5.59
312,Teya,RU,2021-09-22 22:47:05,60.3778,92.6267,31.06,92,100,8.19
313,Lixourion,GR,2021-09-22 22:47:06,38.2019,20.4314,70.77,60,10,21.59
314,Aloleng,PH,2021-09-22 22:47:06,16.1307,119.7824,80.26,83,84,5.73
315,Alta Floresta,BR,2021-09-22 22:47:06,-9.8756,-56.0861,85.01,32,78,3.69
316,Boralday,KZ,2021-09-22 22:47:07,43.3578,76.8594,53.46,43,75,4.47
317,Caravelas,BR,2021-09-22 22:45:47,-17.7125,-39.2481,73.36,64,99,15.88
318,Ondjiva,AO,2021-09-22 22:47:07,-17.0667,15.7333,73.69,19,79,7.49
319,Atbasar,KZ,2021-09-22 22:47:08,51.8,68.3333,38.5,76,36,7.92
320,Muli,MV,2021-09-22 22:47:08,2.9167,73.5667,83.17,75,100,12.64
321,Abu Samrah,SY,2021-09-22 22:47:08,35.3029,37.1841,70.41,79,0,7.43
322,Lagunas,PE,2021-09-22 22:47:09,-5.2269,-75.6753,72.66,98,99,0.63
323,Acari,PE,2021-09-22 22:47:09,-15.4311,-74.6158,64.09,82,98,6.22
324,Eydhafushi,MV,2021-09-22 22:47:09,5.1033,73.0708,82.65,77,98,15.21
325,Gushikawa,JP,2021-09-22 22:47:10,26.3544,127.8686,83.43,97,1,4.61
326,Labuhan,ID,2021-09-22 22:44:45,-6.8844,112.2051,79.03,80,94,8.55
327,Praia Da Vitoria,PT,2021-09-22 22:47:10,38.7333,-27.0667,70.05,83,20,11.68
328,Lucapa,AO,2021-09-22 22:47:03,-8.4192,20.7447,72.27,45,41,2.91
329,Beringovskiy,RU,2021-09-22 22:47:11,63.05,179.3167,37.0,66,100,7.67
330,Saint-Augustin,CA,2021-09-22 22:44:54,51.226,-58.6502,58.12,82,62,13.33
331,Vittoria,IT,2021-09-22 22:47:11,36.9537,14.5332,73.44,88,12,1.14
332,Flinders,AU,2021-09-22 22:47:11,-34.5833,150.8552,62.2,70,3,1.99
333,Yichang,CN,2021-09-22 22:46:58,30.7144,111.2847,73.35,81,26,2.21
334,Honningsvag,NO,2021-09-22 22:47:12,70.9821,25.9704,47.73,85,97,21.43
335,Lumeje,AO,2021-09-22 22:47:12,-11.55,20.7833,71.76,18,93,3.36
336,Voh,NC,2021-09-22 22:47:13,-20.9667,164.7,73.81,56,53,11.03
337,Vila Velha,BR,2021-09-22 22:42:30,-20.3297,-40.2925,69.75,68,90,16.11
338,Muscatine,US,2021-09-22 22:47:13,41.4667,-91.1335,70.38,33,20,3.0
339,Geraldton,AU,2021-09-22 22:47:14,-28.7667,114.6,46.81,76,0,9.22
340,Dukat,RU,2021-09-22 22:47:14,62.55,155.55,41.14,75,64,2.73
341,Altay,CN,2021-09-22 22:47:15,47.8667,88.1167,38.82,26,84,3.56
342,Nueve De Julio,AR,2021-09-22 22:42:24,-35.4444,-60.8831,48.11,93,100,5.41
343,Fortuna,US,2021-09-22 22:43:30,40.5982,-124.1573,91.18,72,1,3.0
344,Bilibino,RU,2021-09-22 22:46:50,68.0546,166.4372,29.5,90,100,3.83
345,Innisfail,AU,2021-09-22 22:44:30,-17.5333,146.0333,70.86,55,56,9.82
346,Sitka,US,2021-09-22 22:47:15,57.0531,-135.33,51.69,58,75,4.61
347,Krasnomayskiy,RU,2021-09-22 22:47:16,57.6194,34.4099,40.5,99,100,4.14
348,Santa Isabel Do Rio Negro,BR,2021-09-22 22:47:16,-0.4139,-65.0192,79.43,80,98,1.54
349,Filingue,NE,2021-09-22 22:47:16,14.3521,3.3168,83.7,61,93,15.26
350,Ponta Delgada,PT,2021-09-22 22:47:17,37.7333,-25.6667,68.72,77,20,10.36
351,Dryden,CA,2021-09-22 22:47:17,49.7833,-92.7503,68.29,40,1,10.36
352,Middlesbrough,GB,2021-09-22 22:47:18,54.5762,-1.2348,61.48,72,83,8.01
353,Mozelos,PT,2021-09-22 22:47:18,41.8677,-8.3978,64.02,68,52,6.46
354,Funadhoo,MV,2021-09-22 22:47:18,6.15,73.2667,82.8,76,87,17.2
355,Nuuk,GL,2021-09-22 22:45:38,64.1835,-51.7216,32.61,64,20,6.91
356,Mandla,IN,2021-09-22 22:47:19,22.6,80.3833,72.21,92,76,2.46
357,Plerin,FR,2021-09-22 22:47:19,48.5425,-2.7798,59.2,90,75,1.01
358,Luderitz,NA,2021-09-22 22:44:57,-26.6481,15.1594,57.58,78,0,4.9
359,Merida,MX,2021-09-22 22:45:30,20.9667,-89.6167,87.03,65,87,11.99
360,Saint-Georges,GD,2021-09-22 22:47:21,12.0564,-61.7485,83.88,79,20,12.66
361,Mtambile,TZ,2021-09-22 22:47:21,-5.3833,39.7,75.24,80,3,9.55
362,Kangavar,IR,2021-09-22 22:47:21,34.5043,47.9653,62.67,25,0,2.73
363,Zhezkazgan,KZ,2021-09-22 22:47:22,47.8043,67.7144,42.22,46,4,9.91
364,Dawei,MM,2021-09-22 22:47:22,14.0833,98.2,74.79,97,100,3.13
365,Santa Maria Del Oro,MX,2021-09-22 22:45:16,25.9333,-105.3667,71.19,54,94,11.63
366,Yelovo,RU,2021-09-22 22:47:23,57.0538,54.9207,37.96,90,49,5.84
367,Batagay,RU,2021-09-22 22:47:23,67.6333,134.6333,39.22,68,99,2.98
368,Asau,RO,2021-09-22 22:47:23,46.4333,26.4,45.52,94,96,0.47
369,Sao Felix Do Xingu,BR,2021-09-22 22:47:24,-6.6447,-51.995,90.66,25,100,2.77
370,Verkhoyansk,RU,2021-09-22 22:47:24,67.5447,133.385,38.61,70,97,3.47
371,Aljezur,PT,2021-09-22 22:47:24,37.3191,-8.8033,64.87,81,61,3.09
372,Ugoofaaru,MV,2021-09-22 22:47:25,5.6667,73.0,83.16,76,80,16.53
373,Abapo,BO,2021-09-22 22:47:26,-18.8333,-63.4667,79.0,36,79,6.35
374,Jalu,LY,2021-09-22 22:47:26,29.0331,21.5482,84.36,23,0,10.33
375,Saint Anthony,US,2021-09-22 22:45:04,45.0205,-93.218,71.15,45,1,1.01
376,Dulce Nombre De Culmi,HN,2021-09-22 22:47:26,15.1,-85.5333,95.23,84,95,3.56
377,Belaya Gora,RU,2021-09-22 22:45:45,68.5333,146.4167,37.47,57,81,2.75
378,Luba,GQ,2021-09-22 22:47:27,3.4568,8.5547,75.09,87,100,3.89
379,Bengkulu,ID,2021-09-22 22:43:38,-3.8004,102.2655,74.3,92,84,4.23
380,Luau,AO,2021-09-22 22:47:27,-10.7073,22.2247,73.27,20,25,5.08
381,Kirakira,SB,2021-09-22 22:47:28,-10.4544,161.9205,84.38,68,55,5.19
382,Graciano Sanchez,MX,2021-09-22 22:47:28,23.9167,-99.2833,76.62,71,94,9.89
383,Qaqortoq,GL,2021-09-22 22:47:29,60.7167,-46.0333,37.9,94,100,4.79
384,Saveh,IR,2021-09-22 22:47:29,35.0213,50.3566,76.68,18,1,3.13
385,Gondal,IN,2021-09-22 22:47:29,21.9667,70.8,75.69,85,21,6.24
386,Sorland,NO,2021-09-22 22:47:30,67.667,12.6934,49.33,82,77,30.94
387,Saldanha,ZA,2021-09-22 22:47:30,-33.0117,17.9442,55.45,50,11,5.53
388,Sumbawanga,TZ,2021-09-22 22:47:30,-7.9667,31.6167,59.22,61,21,5.17
389,Hambantota,LK,2021-09-22 22:45:42,6.1241,81.1185,79.77,83,35,13.8
390,Waiuku,NZ,2021-09-22 22:47:31,-37.25,174.75,61.25,98,100,8.12
391,Leogane,HT,2021-09-22 22:47:31,18.5108,-72.6339,84.4,79,100,2.91
392,Zheleznodorozhnyy,RU,2021-09-22 22:47:31,55.7503,38.0042,45.95,95,99,4.9
393,Berlevag,NO,2021-09-22 22:44:12,70.8578,29.0864,45.32,83,100,27.69
394,Stornoway,GB,2021-09-22 22:47:32,58.2093,-6.3865,51.93,93,75,21.85
395,Felanitx,ES,2021-09-22 22:47:32,39.4696,3.1483,74.95,78,67,11.01
396,Svetlogorsk,BY,2021-09-22 22:47:32,52.6333,29.7333,41.31,96,100,6.33
397,Kralendijk,BQ,2021-09-22 22:47:33,12.15,-68.2667,85.98,79,75,14.97
398,Falciu,RO,2021-09-22 22:47:33,46.2961,28.1408,49.62,78,98,11.79
399,Tessaoua,NE,2021-09-22 22:47:34,13.7574,7.9874,80.15,56,99,12.88
400,Golspie,GB,2021-09-22 22:47:34,57.9727,-3.978,54.14,85,100,19.95
401,Ixtapa,MX,2021-09-22 22:47:34,20.7,-105.2,87.22,84,92,5.01
402,Dakoro,NE,2021-09-22 22:47:34,14.5106,6.765,76.17,78,57,19.48
403,Egvekinot,RU,2021-09-22 22:44:09,66.3167,-179.1667,24.67,73,100,3.06
404,Wukari,NG,2021-09-22 22:47:35,7.85,9.7833,71.22,95,100,2.84
405,Pedasi,PA,2021-09-22 22:47:35,7.5333,-80.0333,79.39,81,100,11.39
406,Dubovyy Umet,RU,2021-09-22 22:47:36,52.9763,50.2857,46.29,69,100,13.02
407,Nome,US,2021-09-22 22:47:36,64.5011,-165.4064,38.16,56,75,5.75
408,Montepuez,MZ,2021-09-22 22:47:36,-13.1256,38.9997,68.68,78,1,8.75
409,Whitehorse,CA,2021-09-22 22:47:37,60.7161,-135.0538,34.57,80,75,4.61
410,Sao Jose De Ribamar,BR,2021-09-22 22:47:37,-2.5619,-44.0542,82.78,78,98,14.38
411,Taltal,CL,2021-09-22 22:45:21,-25.4,-70.4833,60.48,68,1,3.87
412,Khandyga,RU,2021-09-22 22:47:38,62.6667,135.6,40.42,79,56,1.52
413,Saskylakh,RU,2021-09-22 22:44:44,71.9167,114.0833,34.9,99,100,3.58
414,Agoura Hills,US,2021-09-22 22:45:03,34.1364,-118.7745,99.09,31,22,12.95
415,Barmer,IN,2021-09-22 22:47:38,25.75,71.3833,82.83,72,81,7.31
416,Itaituba,BR,2021-09-22 22:47:38,-4.2761,-55.9836,84.61,52,85,2.71
417,Marsh Harbour,BS,2021-09-22 22:47:39,26.5412,-77.0636,83.34,70,74,2.01
418,Yumen,CN,2021-09-22 22:46:00,40.2833,97.2,56.84,33,37,12.1
419,Nogliki,RU,2021-09-22 22:47:39,51.8333,143.1667,49.71,78,1,12.75
420,Xai-Xai,MZ,2021-09-22 22:47:40,-25.0519,33.6442,62.71,71,9,5.01
421,Cabedelo,BR,2021-09-22 22:47:40,-6.9811,-34.8339,79.47,82,21,10.42
422,Opuwo,NA,2021-09-22 22:47:41,-18.0607,13.84,76.21,18,66,7.78
423,Fare,PF,2021-09-22 22:47:41,-16.7,-151.0167,78.06,70,0,8.57
424,Kannur,IN,2021-09-22 22:47:41,11.8675,75.3576,77.05,89,100,6.67
425,Basco,PH,2021-09-22 22:47:42,20.4487,121.9702,84.52,73,21,14.81
426,Aksarka,RU,2021-09-22 22:46:40,66.5606,67.7975,35.85,89,96,4.18
427,Kudahuvadhoo,MV,2021-09-22 22:47:42,2.6708,72.8944,82.44,77,100,12.24
428,Asyut,EG,2021-09-22 22:47:42,27.181,31.1837,82.58,30,0,11.12
429,Korla,CN,2021-09-22 22:47:43,41.7597,86.1469,65.52,31,52,13.29
430,Araceli,PH,2021-09-22 22:47:43,10.5529,119.9913,81.16,76,100,5.28
431,Bacolod,PH,2021-09-22 22:47:44,10.6667,122.95,78.85,84,99,4.05
432,Saint-Pierre,RE,2021-09-22 22:44:27,-21.3393,55.4781,65.88,69,0,8.05
433,Alabaster,US,2021-09-22 22:47:44,33.2443,-86.8164,71.65,66,40,5.99
434,Hit,IQ,2021-09-22 22:47:45,33.6416,42.8251,82.94,22,0,6.26
435,Garissa,KE,2021-09-22 22:47:45,-0.4536,39.6401,74.57,81,31,17.67
436,Pietarsaari,FI,2021-09-22 22:47:45,63.65,22.6833,47.89,73,100,17.38
437,Vanino,RU,2021-09-22 22:47:46,49.0869,140.2543,51.3,76,99,10.85
438,Nicoya,CR,2021-09-22 22:47:46,10.1483,-85.452,85.55,86,66,2.66
439,Santa Cruz,BO,2021-09-22 22:44:50,-17.8,-63.1667,82.45,47,75,9.22
440,Zaterechnyy,RU,2021-09-22 22:47:46,44.7931,45.2097,57.94,92,100,13.73
441,Saint Paul,US,2021-09-22 22:45:00,44.9444,-93.0933,71.78,47,1,3.44
442,Rio Gallegos,AR,2021-09-22 22:47:47,-51.6226,-69.2181,51.85,50,40,29.93
443,Bom Jesus,BR,2021-09-22 22:47:47,-9.0744,-44.3586,84.52,22,96,2.98
444,Sarakhs,IR,2021-09-22 22:47:47,36.5449,61.1577,64.54,27,0,2.3
445,Whithorn,JM,2021-09-22 22:47:48,18.2604,-78.0378,84.45,90,60,1.1
446,Svetlaya,RU,2021-09-22 22:47:48,46.5389,138.3297,52.74,90,100,19.55
447,Doba,TD,2021-09-22 22:47:49,8.65,16.85,70.47,95,99,2.73
448,Lensk,RU,2021-09-22 22:47:49,60.7253,114.9278,35.62,93,17,3.4
449,Renukut,IN,2021-09-22 22:47:49,24.2,83.0333,72.39,98,69,4.25
450,Trondheim,NO,2021-09-22 22:47:50,63.4305,10.3951,50.09,87,100,2.39
451,Kaeo,NZ,2021-09-22 22:47:50,-35.1,173.7833,61.32,97,96,11.54
452,Muzaffarabad,PK,2021-09-22 22:47:50,34.37,73.4711,67.55,81,42,4.47
453,Jimenez,MX,2021-09-22 22:47:51,28.3333,-105.4,82.47,32,59,9.33
454,Maniitsoq,GL,2021-09-22 22:47:16,65.4167,-52.9,33.17,46,39,8.88
455,Alizai,PK,2021-09-22 22:47:51,33.5383,70.3462,74.17,73,6,2.35
456,Flin Flon,CA,2021-09-22 22:46:47,54.7682,-101.865,64.24,48,75,3.44
457,Hasaki,JP,2021-09-22 22:46:35,35.7333,140.8333,79.2,79,91,11.25
458,Lichinga,MZ,2021-09-22 22:47:52,-13.3128,35.2406,60.89,68,24,10.63
459,Port Elizabeth,ZA,2021-09-22 22:44:05,-33.918,25.5701,61.09,88,0,12.66
460,Khanpur,PK,2021-09-22 22:44:25,28.6453,70.6567,86.79,58,48,7.36
461,Loandjili,CG,2021-09-22 22:46:15,-4.7561,11.8578,77.11,83,40,4.61
462,Vizinga,RU,2021-09-22 22:47:52,61.0749,50.1031,34.16,96,13,4.45
463,Batsfjord,NO,2021-09-22 22:47:53,70.6345,29.7185,46.62,83,100,27.72
464,College,US,2021-09-22 22:47:04,64.8569,-147.8028,40.23,66,75,4.61
465,Villa Del Rosario,CO,2021-09-22 22:47:53,7.8339,-72.4742,82.78,65,40,9.22
466,Aden,YE,2021-09-22 22:47:17,12.7794,45.0367,87.12,67,100,12.59
467,Khasan,RU,2021-09-22 22:47:54,42.4308,130.6434,63.39,75,94,13.94
468,Louis Trichardt,ZA,2021-09-22 22:47:54,-23.0439,29.9032,52.52,66,0,6.49
469,Manta,EC,2021-09-22 22:43:42,-0.95,-80.7333,80.38,65,20,11.5
470,Manakara,MG,2021-09-22 22:47:54,-22.1333,48.0167,66.42,92,36,3.15
471,Puerto Del Rosario,ES,2021-09-22 22:47:55,28.5004,-13.8627,73.15,68,100,10.36
472,Casas Grandes,MX,2021-09-22 22:45:17,30.3667,-107.95,78.31,36,100,8.59
473,Baghdad,IQ,2021-09-22 22:47:55,33.3406,44.4009,76.91,33,0,2.3
474,Port-Gentil,GA,2021-09-22 22:47:56,-0.7193,8.7815,78.76,83,20,9.22
475,Sabla,NG,2021-09-22 22:47:56,12.7525,4.7077,74.59,86,88,4.05
476,Kingston,JM,2021-09-22 22:43:38,17.997,-76.7936,86.95,76,20,1.01
477,Maarianhamina,AX,2021-09-22 22:47:56,60.0973,19.9348,53.46,82,20,18.41
478,Borogontsy,RU,2021-09-22 22:47:57,62.6683,131.1683,39.4,73,20,6.04
479,Sheridan,US,2021-09-22 22:47:57,44.8333,-106.9173,87.98,16,1,3.0
480,Tadine,NC,2021-09-22 22:47:57,-21.55,167.8833,71.29,68,94,18.86
481,Fougeres,FR,2021-09-22 22:47:58,48.35,-1.2,56.68,81,69,5.91
482,Morondava,MG,2021-09-22 22:47:58,-20.2833,44.2833,71.91,73,4,8.57
483,Wahiawa,US,2021-09-22 22:47:58,21.5028,-158.0236,82.72,57,40,14.97
484,Mbandaka,CD,2021-09-22 22:47:59,0.0487,18.2603,70.61,98,99,3.98
485,Belmonte,BR,2021-09-22 22:45:52,-15.8631,-38.8828,72.1,72,98,17.16
486,Zabaykalsk,RU,2021-09-22 22:47:59,49.6333,117.3167,48.4,82,51,11.23
487,Cabanas,CU,2021-09-22 22:47:59,22.9758,-82.9219,79.27,76,87,7.92
488,Tahe,CN,2021-09-22 22:48:00,52.3333,124.7333,43.65,69,38,2.53
489,Kysyl-Syr,RU,2021-09-22 22:48:00,63.8986,122.7617,41.72,88,100,8.95
490,Maceio,BR,2021-09-22 22:44:20,-9.6658,-35.7353,80.04,89,0,8.05
491,Truth Or Consequences,US,2021-09-22 22:48:01,33.1284,-107.2528,84.43,21,1,9.22
492,Powell,US,2021-09-22 22:48:01,40.1578,-83.0752,59.16,96,90,3.0
493,Kawalu,ID,2021-09-22 22:48:01,-7.3817,108.2082,71.73,95,92,1.59
494,Barranca,PE,2021-09-22 22:48:02,-10.75,-77.7667,60.82,87,96,10.69
495,Jumla,NP,2021-09-22 22:48:02,29.2747,82.1838,55.31,93,99,2.77
496,Padang,ID,2021-09-22 22:45:48,-0.9492,100.3543,77.29,80,99,3.78
497,Les Cayes,HT,2021-09-22 22:48:03,18.2,-73.75,80.46,82,84,3.2
498,Tandil,AR,2021-09-22 22:48:03,-37.3217,-59.1332,48.13,91,100,4.59
499,Haines Junction,CA,2021-09-22 22:48:03,60.7522,-137.5108,37.35,56,98,4.61
500,Paveh,IR,2021-09-22 22:48:04,35.0434,46.3565,58.82,32,0,0.94
501,Dunmore Town,BS,2021-09-22 22:48:04,25.5,-76.65,83.44,67,22,2.19
502,Machico,PT,2021-09-22 22:48:04,32.7,-16.7667,72.68,75,40,9.22
503,Livingstonia,MW,2021-09-22 22:48:05,-10.606,34.1063,64.06,61,97,3.29
504,Merauke,ID,2021-09-22 22:46:16,-8.4667,140.3333,78.78,77,99,12.46
505,Bardiyah,LY,2021-09-22 22:48:05,31.7561,25.0865,76.59,76,0,13.02
506,Santiago De Cao,PE,2021-09-22 22:48:06,-7.9589,-79.2392,62.73,82,40,16.11
507,Tawang,IN,2021-09-22 22:48:06,27.5833,91.8667,48.87,88,47,4.23
508,Peace River,CA,2021-09-22 22:48:06,56.2501,-117.286,62.91,33,75,23.02
509,Bud,US,2021-09-22 22:48:07,39.447,-86.1758,55.49,95,100,13.62
510,Paamiut,GL,2021-09-22 22:48:07,61.994,-49.6678,32.94,93,99,12.01
511,Necochea,AR,2021-09-22 22:48:08,-38.5473,-58.7368,50.04,81,100,3.38
512,Papar,MY,2021-09-22 22:48:08,5.7333,115.9333,75.2,84,90,3.74
513,Morro Bay,US,2021-09-22 22:45:50,35.3658,-120.8499,98.74,47,19,8.99
514,Valenca Do Piaui,BR,2021-09-22 22:48:09,-6.4075,-41.7456,87.87,27,97,4.03
515,Bafia,CM,2021-09-22 22:48:09,4.75,11.2333,69.13,99,100,1.95
516,Buraydah,SA,2021-09-22 22:48:09,26.326,43.975,84.65,19,50,12.06
517,Kutum,SD,2021-09-22 22:48:10,14.2,24.6667,80.85,40,55,6.98
518,Port Antonio,JM,2021-09-22 22:48:10,18.18,-76.4612,87.71,80,100,0.74
519,Corrales,US,2021-09-22 22:48:10,35.2378,-106.6067,86.54,20,1,4.0
520,Brus Laguna,HN,2021-09-22 22:48:11,15.75,-84.4833,81.12,78,0,5.79
521,Tautira,PF,2021-09-22 22:43:45,-17.7333,-149.15,78.82,72,73,7.2
522,Yanam,IN,2021-09-22 22:48:11,16.7333,82.2167,76.8,89,100,3.51
523,Labrea,BR,2021-09-22 22:48:11,-7.2586,-64.7981,86.92,47,84,2.95
524,Teknaf,BD,2021-09-22 22:48:12,20.8624,92.3058,76.8,91,100,3.02
525,Udachnyy,RU,2021-09-22 22:48:12,66.4167,112.4,33.42,77,77,4.74
526,Basar,IN,2021-09-22 22:48:13,27.9833,94.6667,68.34,92,89,2.01
527,Atchison,US,2021-09-22 22:47:25,39.563,-95.1216,75.43,42,0,6.04
528,Nuevitas,CU,2021-09-22 22:48:13,21.5453,-77.2644,87.24,79,5,6.8
529,Erzin,TR,2021-09-22 22:48:13,36.9559,36.2,68.72,85,7,2.82
530,Aykhal,RU,2021-09-22 22:48:14,66.0,111.5,31.77,85,65,7.02
